-- MySQL Script generated by MySQL Workbench
-- Sat Apr 16 16:59:12 2016
-- Model: New Model    Version: 1.0
-- MySQL Workbench Forward Engineering

SET @OLD_UNIQUE_CHECKS=@@UNIQUE_CHECKS, UNIQUE_CHECKS=0;
SET @OLD_FOREIGN_KEY_CHECKS=@@FOREIGN_KEY_CHECKS, FOREIGN_KEY_CHECKS=0;
SET @OLD_SQL_MODE=@@SQL_MODE, SQL_MODE='TRADITIONAL,ALLOW_INVALID_DATES';

-- -----------------------------------------------------
-- Schema ecfutures_db
-- -----------------------------------------------------
DROP SCHEMA IF EXISTS `ecfutures_db` ;

-- -----------------------------------------------------
-- Schema ecfutures_db
-- -----------------------------------------------------
CREATE SCHEMA IF NOT EXISTS `ecfutures_db` DEFAULT CHARACTER SET utf8 ;
USE `ecfutures_db` ;

-- -----------------------------------------------------
-- Table `ecfutures_db`.`user`
-- -----------------------------------------------------
DROP TABLE IF EXISTS `ecfutures_db`.`user` ;

CREATE TABLE IF NOT EXISTS `ecfutures_db`.`user` (
  `u_id` INT NOT NULL AUTO_INCREMENT,
  `forename` VARCHAR(45) NOT NULL,
  `surname` VARCHAR(45) NULL,
  `username` VARCHAR(45) NOT NULL,
  `password` VARCHAR(45) NOT NULL,
  `type` INT NOT NULL,
  `active` INT NULL,
  PRIMARY KEY (`u_id`))
ENGINE = InnoDB;


-- -----------------------------------------------------
-- Table `ecfutures_db`.`faculty`
-- -----------------------------------------------------
DROP TABLE IF EXISTS `ecfutures_db`.`faculty` ;

CREATE TABLE IF NOT EXISTS `ecfutures_db`.`faculty` (
  `f_id` INT NOT NULL AUTO_INCREMENT,
  `code` VARCHAR(5) NULL,
  `initial` VARCHAR(5) NULL,
  `name` VARCHAR(45) NULL,
  PRIMARY KEY (`f_id`))
ENGINE = InnoDB;


-- -----------------------------------------------------
-- Table `ecfutures_db`.`degree`
-- -----------------------------------------------------
DROP TABLE IF EXISTS `ecfutures_db`.`degree` ;

CREATE TABLE IF NOT EXISTS `ecfutures_db`.`degree` (
  `d_id` INT NOT NULL AUTO_INCREMENT,
  `name` VARCHAR(100) NULL,
  PRIMARY KEY (`d_id`))
ENGINE = InnoDB;


-- -----------------------------------------------------
-- Table `ecfutures_db`.`student`
-- -----------------------------------------------------
DROP TABLE IF EXISTS `ecfutures_db`.`student` ;

CREATE TABLE IF NOT EXISTS `ecfutures_db`.`student` (
  `s_id` INT NOT NULL COMMENT ' ',
  `forename` VARCHAR(45) NULL,
  `surname` VARCHAR(45) NULL,
  `f_id` INT NULL,
  `d_id` INT NULL,
  `email` VARCHAR(100) NULL,
  `mobile` VARCHAR(45) NULL,
  `cv` VARCHAR(300) NULL,
  `notes` TEXT NULL,
  PRIMARY KEY (`s_id`),
  INDEX `fks.f_id_idx` (`f_id` ASC),
  INDEX `fks.d_id_idx` (`d_id` ASC),
  CONSTRAINT `fks.f_id`
    FOREIGN KEY (`f_id`)
    REFERENCES `ecfutures_db`.`faculty` (`f_id`)
    ON DELETE NO ACTION
    ON UPDATE NO ACTION,
  CONSTRAINT `fks.d_id`
    FOREIGN KEY (`d_id`)
    REFERENCES `ecfutures_db`.`degree` (`d_id`)
    ON DELETE NO ACTION
    ON UPDATE NO ACTION)
ENGINE = InnoDB;


-- -----------------------------------------------------
-- Table `ecfutures_db`.`employer`
-- -----------------------------------------------------
DROP TABLE IF EXISTS `ecfutures_db`.`employer` ;

CREATE TABLE IF NOT EXISTS `ecfutures_db`.`employer` (
  `e_id` INT NOT NULL AUTO_INCREMENT,
  `name` VARCHAR(100) NULL,
  `address_1` VARCHAR(100) NULL,
  `address_2` VARCHAR(100) NULL,
  `settlement` VARCHAR(45) NULL,
  `county` VARCHAR(45) NULL,
  `post_code` VARCHAR(45) NULL,
  `country` VARCHAR(45) NULL,
  `notes` TEXT NULL,
  PRIMARY KEY (`e_id`))
ENGINE = InnoDB;


-- -----------------------------------------------------
-- Table `ecfutures_db`.`contact`
-- -----------------------------------------------------
DROP TABLE IF EXISTS `ecfutures_db`.`contact` ;

CREATE TABLE IF NOT EXISTS `ecfutures_db`.`contact` (
  `c_id` INT NOT NULL AUTO_INCREMENT,
  `e_id` INT NOT NULL,
  `forename` VARCHAR(45) NULL,
  `surname` VARCHAR(45) NULL,
  `email` VARCHAR(100) NULL,
  `phone` VARCHAR(45) NULL,
  `mobile` VARCHAR(45) NULL,
  `notes` TEXT NULL,
  PRIMARY KEY (`c_id`),
  INDEX `fkc.e_id_idx` (`e_id` ASC),
  CONSTRAINT `fkc.e_id`
    FOREIGN KEY (`e_id`)
    REFERENCES `ecfutures_db`.`employer` (`e_id`)
    ON DELETE CASCADE
    ON UPDATE CASCADE)
ENGINE = InnoDB;


-- -----------------------------------------------------
-- Table `ecfutures_db`.`role`
-- -----------------------------------------------------
DROP TABLE IF EXISTS `ecfutures_db`.`role` ;

CREATE TABLE IF NOT EXISTS `ecfutures_db`.`role` (
  `r_id` INT NOT NULL AUTO_INCREMENT,
  `title` VARCHAR(200) NULL,
  `salary` VARCHAR(45) NULL,
  `e_id` INT NOT NULL,
  `c_id` INT NOT NULL,
  `deadline` DATE NULL,
  `start_date` DATE NULL,
  `end_date` DATE NULL,
  `notes` TEXT NULL,
  PRIMARY KEY (`r_id`),
  INDEX `fkr.e_id_idx` (`e_id` ASC),
  INDEX `fkr.c_id_idx` (`c_id` ASC),
  CONSTRAINT `fkr.e_id`
    FOREIGN KEY (`e_id`)
    REFERENCES `ecfutures_db`.`employer` (`e_id`)
    ON DELETE CASCADE
    ON UPDATE CASCADE,
  CONSTRAINT `fkr.c_id`
    FOREIGN KEY (`c_id`)
    REFERENCES `ecfutures_db`.`contact` (`c_id`)
    ON DELETE CASCADE
    ON UPDATE CASCADE)
ENGINE = InnoDB;


-- -----------------------------------------------------
-- Table `ecfutures_db`.`role_status`
-- -----------------------------------------------------
DROP TABLE IF EXISTS `ecfutures_db`.`role_status` ;

CREATE TABLE IF NOT EXISTS `ecfutures_db`.`role_status` (
  `rs_id` INT NOT NULL AUTO_INCREMENT,
  `s_id` INT NOT NULL,
  `r_id` INT NOT NULL,
  `status` VARCHAR(45) NULL,
  `notes` TEXT NULL,
  PRIMARY KEY (`rs_id`),
  INDEX `fkrs.s_id_idx` (`s_id` ASC),
  INDEX `fkrs.r_id_idx` (`r_id` ASC),
  CONSTRAINT `fkrs.s_id`
    FOREIGN KEY (`s_id`)
    REFERENCES `ecfutures_db`.`student` (`s_id`)
    ON DELETE CASCADE
    ON UPDATE CASCADE,
  CONSTRAINT `fkrs.r_id`
    FOREIGN KEY (`r_id`)
    REFERENCES `ecfutures_db`.`role` (`r_id`)
    ON DELETE CASCADE
    ON UPDATE CASCADE)
ENGINE = InnoDB;


-- -----------------------------------------------------
-- Table `ecfutures_db`.`visiting_tutor`
-- -----------------------------------------------------
DROP TABLE IF EXISTS `ecfutures_db`.`visiting_tutor` ;

CREATE TABLE IF NOT EXISTS `ecfutures_db`.`visiting_tutor` (
  `vt_id` INT NOT NULL AUTO_INCREMENT,
  `forename` VARCHAR(45) NULL,
  `surname` VARCHAR(45) NULL,
  `email` VARCHAR(100) NULL,
  `notes` TEXT NULL,
  PRIMARY KEY (`vt_id`))
ENGINE = InnoDB;


-- -----------------------------------------------------
-- Table `ecfutures_db`.`placement_tracking`
-- -----------------------------------------------------
DROP TABLE IF EXISTS `ecfutures_db`.`placement_tracking` ;

CREATE TABLE IF NOT EXISTS `ecfutures_db`.`placement_tracking` (
  `ps_id` INT NOT NULL,
  `205CDE` INT NULL COMMENT 'Enrolled to the module',
  `pif` INT NULL COMMENT '?',
  `electronic_file` VARCHAR(45) NULL,
  `date_formula` VARCHAR(45) NULL COMMENT '?',
  `placement_form` INT NULL COMMENT 'Placement form handed in',
  `job_description` VARCHAR(45) NULL,
  `accommodation_details` VARCHAR(45) NULL,
  `offer_letter` VARCHAR(45) NULL,
  `contract` VARCHAR(45) NULL,
  `study_guide` INT NULL,
  `student_briefing` INT NULL,
  `student_briefing_date` DATE NULL,
  `student_briefing_attended` INT NULL,
  PRIMARY KEY (`ps_id`))
ENGINE = InnoDB;


-- -----------------------------------------------------
-- Table `ecfutures_db`.`appointment`
-- -----------------------------------------------------
DROP TABLE IF EXISTS `ecfutures_db`.`appointment` ;

CREATE TABLE IF NOT EXISTS `ecfutures_db`.`appointment` (
  `a_id` INT NOT NULL AUTO_INCREMENT,
  `s_id` INT NULL,
  `date` DATE NULL,
  `time` VARCHAR(10) NULL,
  `u_id` INT NULL,
  `action_points` TEXT NULL,
  `adviser_comments` TEXT NULL,
  PRIMARY KEY (`a_id`),
  INDEX `fka.s_id_idx` (`s_id` ASC),
  INDEX `fka.u_id_idx` (`u_id` ASC),
  CONSTRAINT `fka.s_id`
    FOREIGN KEY (`s_id`)
    REFERENCES `ecfutures_db`.`student` (`s_id`)
    ON DELETE CASCADE
    ON UPDATE CASCADE,
  CONSTRAINT `fka.u_id`
    FOREIGN KEY (`u_id`)
    REFERENCES `ecfutures_db`.`user` (`u_id`)
    ON DELETE NO ACTION
    ON UPDATE NO ACTION)
ENGINE = InnoDB;


-- -----------------------------------------------------
-- Table `ecfutures_db`.`appointment_reason`
-- -----------------------------------------------------
DROP TABLE IF EXISTS `ecfutures_db`.`appointment_reason` ;

CREATE TABLE IF NOT EXISTS `ecfutures_db`.`appointment_reason` (
  `ar_id` INT NOT NULL AUTO_INCREMENT,
  `reason` VARCHAR(45) NULL,
  PRIMARY KEY (`ar_id`))
ENGINE = InnoDB;


-- -----------------------------------------------------
-- Table `ecfutures_db`.`appointment_details`
-- -----------------------------------------------------
DROP TABLE IF EXISTS `ecfutures_db`.`appointment_details` ;

CREATE TABLE IF NOT EXISTS `ecfutures_db`.`appointment_details` (
  `a_id` INT NULL,
  `ar_id` INT NULL,
  INDEX `fkad.a_id_idx` (`a_id` ASC),
  INDEX `fkad.ar_id_idx` (`ar_id` ASC),
  CONSTRAINT `fkad.a_id`
    FOREIGN KEY (`a_id`)
    REFERENCES `ecfutures_db`.`appointment` (`a_id`)
    ON DELETE CASCADE
    ON UPDATE CASCADE,
  CONSTRAINT `fkad.ar_id`
    FOREIGN KEY (`ar_id`)
    REFERENCES `ecfutures_db`.`appointment_reason` (`ar_id`)
    ON DELETE NO ACTION
    ON UPDATE NO ACTION)
ENGINE = InnoDB;


SET SQL_MODE=@OLD_SQL_MODE;
SET FOREIGN_KEY_CHECKS=@OLD_FOREIGN_KEY_CHECKS;
SET UNIQUE_CHECKS=@OLD_UNIQUE_CHECKS;

-- -----------------------------------------------------
-- Data for table `ecfutures_db`.`user`
-- -----------------------------------------------------
START TRANSACTION;
USE `ecfutures_db`;
INSERT INTO `ecfutures_db`.`user` (`u_id`, `forename`, `surname`, `username`, `password`, `type`, `active`) VALUES (1, 'Admin', 'Admin', 'admin', '098f6bcd4621d373cade4e832627b4f6', 0, 1);
INSERT INTO `ecfutures_db`.`user` (`u_id`, `forename`, `surname`, `username`, `password`, `type`, `active`) VALUES (2, 'Harminder', 'Kaur', 'harminder', '098f6bcd4621d373cade4e832627b4f6', 1, 1);
INSERT INTO `ecfutures_db`.`user` (`u_id`, `forename`, `surname`, `username`, `password`, `type`, `active`) VALUES (3, 'Matt', 'Jones', 'matt', '098f6bcd4621d373cade4e832627b4f6', 1, 1);
INSERT INTO `ecfutures_db`.`user` (`u_id`, `forename`, `surname`, `username`, `password`, `type`, `active`) VALUES (4, 'Sally', 'Smith', 'sally', '098f6bcd4621d373cade4e832627b4f6', 1, 1);

COMMIT;


-- -----------------------------------------------------
-- Data for table `ecfutures_db`.`faculty`
-- -----------------------------------------------------
START TRANSACTION;
USE `ecfutures_db`;
INSERT INTO `ecfutures_db`.`faculty` (`f_id`, `code`, `initial`, `name`) VALUES (1, 'EXR', 'EEC', 'Computing, Electronics and Maths');
INSERT INTO `ecfutures_db`.`faculty` (`f_id`, `code`, `initial`, `name`) VALUES (2, 'EXQ', 'ECE', 'Energy, Construction and Environment');
INSERT INTO `ecfutures_db`.`faculty` (`f_id`, `code`, `initial`, `name`) VALUES (3, 'EXZ', 'MAA', 'Mechanical, Aerospace and Automotive');

COMMIT;


-- -----------------------------------------------------
-- Data for table `ecfutures_db`.`degree`
-- -----------------------------------------------------
START TRANSACTION;
USE `ecfutures_db`;
INSERT INTO `ecfutures_db`.`degree` (`d_id`, `name`) VALUES (1, 'Aerospace Systems Engineering');
INSERT INTO `ecfutures_db`.`degree` (`d_id`, `name`) VALUES (2, 'Aerospace Technology');
INSERT INTO `ecfutures_db`.`degree` (`d_id`, `name`) VALUES (3, 'Applied Mathematics and Theoretical Physics');
INSERT INTO `ecfutures_db`.`degree` (`d_id`, `name`) VALUES (4, 'Architectural Technology');
INSERT INTO `ecfutures_db`.`degree` (`d_id`, `name`) VALUES (5, 'Automotive Engineering');
INSERT INTO `ecfutures_db`.`degree` (`d_id`, `name`) VALUES (6, 'Aviation Management');
INSERT INTO `ecfutures_db`.`degree` (`d_id`, `name`) VALUES (7, 'Building Services Engineering');
INSERT INTO `ecfutures_db`.`degree` (`d_id`, `name`) VALUES (8, 'Building Surveying');
INSERT INTO `ecfutures_db`.`degree` (`d_id`, `name`) VALUES (9, 'Business Information Technology');
INSERT INTO `ecfutures_db`.`degree` (`d_id`, `name`) VALUES (10, 'Civil Engineering');
INSERT INTO `ecfutures_db`.`degree` (`d_id`, `name`) VALUES (11, 'Computer Hardware and Software Engineering');
INSERT INTO `ecfutures_db`.`degree` (`d_id`, `name`) VALUES (12, 'Computer Science');
INSERT INTO `ecfutures_db`.`degree` (`d_id`, `name`) VALUES (13, 'Computing');
INSERT INTO `ecfutures_db`.`degree` (`d_id`, `name`) VALUES (14, 'Construction Management');
INSERT INTO `ecfutures_db`.`degree` (`d_id`, `name`) VALUES (15, 'Disaster Management');
INSERT INTO `ecfutures_db`.`degree` (`d_id`, `name`) VALUES (16, 'Disaster Management and Emergency Planning');
INSERT INTO `ecfutures_db`.`degree` (`d_id`, `name`) VALUES (17, 'Electrical and Electronic Engineering');
INSERT INTO `ecfutures_db`.`degree` (`d_id`, `name`) VALUES (18, 'Electronic Engineering');
INSERT INTO `ecfutures_db`.`degree` (`d_id`, `name`) VALUES (19, 'Engineering');
INSERT INTO `ecfutures_db`.`degree` (`d_id`, `name`) VALUES (20, 'Ethical Hacking and Network Security');
INSERT INTO `ecfutures_db`.`degree` (`d_id`, `name`) VALUES (21, 'Games Technology');
INSERT INTO `ecfutures_db`.`degree` (`d_id`, `name`) VALUES (22, 'Geography');
INSERT INTO `ecfutures_db`.`degree` (`d_id`, `name`) VALUES (23, 'Geography and Natural Hazards');
INSERT INTO `ecfutures_db`.`degree` (`d_id`, `name`) VALUES (24, 'Manufacturing Engineering');
INSERT INTO `ecfutures_db`.`degree` (`d_id`, `name`) VALUES (25, 'Mathematical Studies');
INSERT INTO `ecfutures_db`.`degree` (`d_id`, `name`) VALUES (26, 'Mathematics');
INSERT INTO `ecfutures_db`.`degree` (`d_id`, `name`) VALUES (27, 'Mathematics and Statistics');
INSERT INTO `ecfutures_db`.`degree` (`d_id`, `name`) VALUES (28, 'Mechanical Engineering');
INSERT INTO `ecfutures_db`.`degree` (`d_id`, `name`) VALUES (29, 'Motorsport Engineering');
INSERT INTO `ecfutures_db`.`degree` (`d_id`, `name`) VALUES (30, 'Multimedia Computing');
INSERT INTO `ecfutures_db`.`degree` (`d_id`, `name`) VALUES (31, 'Oil, Gas and Energy Management');
INSERT INTO `ecfutures_db`.`degree` (`d_id`, `name`) VALUES (32, 'Quality Surveying and Commercial Management');

COMMIT;


-- -----------------------------------------------------
-- Data for table `ecfutures_db`.`student`
-- -----------------------------------------------------
START TRANSACTION;
USE `ecfutures_db`;
INSERT INTO `ecfutures_db`.`student` (`s_id`, `forename`, `surname`, `f_id`, `d_id`, `email`, `mobile`, `cv`, `notes`) VALUES (111121, 'James', 'Baker', 1, 10, 'james.baker@coventry.ac.uk', '07564758574', 'NULL', 'Lorem ipsum dolor sit amet, consectetur adipiscing elit. Nulla maximus efficitur posuere. In gravida nulla neque. Quisque et nunc dolor. Vivamus rutrum neque in nisl molestie, ut suscipit orci blandit. Morbi luctus sagittis justo, ac placerat elit. Morbi accumsan, sem nec malesuada cursus, diam sapien gravida mi, vitae consectetur tellus libero vel diam. Praesent vitae odio quis dolor porttitor elementum a in turpis. Nunc pellentesque rutrum cursus. Vestibulum mollis iaculis risus at feugiat.\n\n');
INSERT INTO `ecfutures_db`.`student` (`s_id`, `forename`, `surname`, `f_id`, `d_id`, `email`, `mobile`, `cv`, `notes`) VALUES (111151, 'Bill', 'Smith', 2, 15, 'bill.smith@coventry.ac.uk', '07564758565', 'NULL', 'Lorem ipsum dolor sit amet, consectetur adipiscing elit. Nulla maximus efficitur posuere. In gravida nulla neque. Quisque et nunc dolor. Vivamus rutrum neque in nisl molestie, ut suscipit orci blandit. Morbi luctus sagittis justo, ac placerat elit. Morbi accumsan, sem nec malesuada cursus, diam sapien gravida mi, vitae consectetur tellus libero vel diam. Praesent vitae odio quis dolor porttitor elementum a in turpis. Nunc pellentesque rutrum cursus. Vestibulum mollis iaculis risus at feugiat.\n\n');
INSERT INTO `ecfutures_db`.`student` (`s_id`, `forename`, `surname`, `f_id`, `d_id`, `email`, `mobile`, `cv`, `notes`) VALUES (111152, 'Andy', 'Murray', 3, 20, 'andy.murray@coventry.ac.uk', '07567788555', 'NULL', 'Lorem ipsum dolor sit amet, consectetur adipiscing elit. Nulla maximus efficitur posuere. In gravida nulla neque. Quisque et nunc dolor. Vivamus rutrum neque in nisl molestie, ut suscipit orci blandit. Morbi luctus sagittis justo, ac placerat elit. Morbi accumsan, sem nec malesuada cursus, diam sapien gravida mi, vitae consectetur tellus libero vel diam. Praesent vitae odio quis dolor porttitor elementum a in turpis. Nunc pellentesque rutrum cursus. Vestibulum mollis iaculis risus at feugiat.\n\n');
INSERT INTO `ecfutures_db`.`student` (`s_id`, `forename`, `surname`, `f_id`, `d_id`, `email`, `mobile`, `cv`, `notes`) VALUES (111155, 'Sarah', 'Connors', 1, 25, 'sarah.connors@coventry.ac.uk', '07578940095', 'NULL', 'Lorem ipsum dolor sit amet, consectetur adipiscing elit. Nulla maximus efficitur posuere. In gravida nulla neque. Quisque et nunc dolor. Vivamus rutrum neque in nisl molestie, ut suscipit orci blandit. Morbi luctus sagittis justo, ac placerat elit. Morbi accumsan, sem nec malesuada cursus, diam sapien gravida mi, vitae consectetur tellus libero vel diam. Praesent vitae odio quis dolor porttitor elementum a in turpis. Nunc pellentesque rutrum cursus. Vestibulum mollis iaculis risus at feugiat.\n\n');

COMMIT;


-- -----------------------------------------------------
-- Data for table `ecfutures_db`.`employer`
-- -----------------------------------------------------
START TRANSACTION;
USE `ecfutures_db`;
INSERT INTO `ecfutures_db`.`employer` (`e_id`, `name`, `address_1`, `address_2`, `settlement`, `county`, `post_code`, `country`, `notes`) VALUES (1, 'IBM', 'Opel House', 'Warwick Street', 'Leamington', 'Warwickshire', 'CV1 6NB', 'UK', 'Lorem ipsum dolor sit amet, consectetur adipiscing elit. Nulla maximus efficitur posuere. In gravida nulla neque. Quisque et nunc dolor. Vivamus rutrum neque in nisl molestie, ut suscipit orci blandit. Morbi luctus sagittis justo, ac placerat elit. Morbi accumsan, sem nec malesuada cursus, diam sapien gravida mi, vitae consectetur tellus libero vel diam. Praesent vitae odio quis dolor porttitor elementum a in turpis. Nunc pellentesque rutrum cursus. Vestibulum mollis iaculis risus at feugiat.\n\n');
INSERT INTO `ecfutures_db`.`employer` (`e_id`, `name`, `address_1`, `address_2`, `settlement`, `county`, `post_code`, `country`, `notes`) VALUES (2, 'Intel', 'Intel Court', 'Regent Street', 'Warwick', 'Warwickshire', 'CV32 7HC', 'UK', 'Lorem ipsum dolor sit amet, consectetur adipiscing elit. Nulla maximus efficitur posuere. In gravida nulla neque. Quisque et nunc dolor. Vivamus rutrum neque in nisl molestie, ut suscipit orci blandit. Morbi luctus sagittis justo, ac placerat elit. Morbi accumsan, sem nec malesuada cursus, diam sapien gravida mi, vitae consectetur tellus libero vel diam. Praesent vitae odio quis dolor porttitor elementum a in turpis. Nunc pellentesque rutrum cursus. Vestibulum mollis iaculis risus at feugiat.\n\n');
INSERT INTO `ecfutures_db`.`employer` (`e_id`, `name`, `address_1`, `address_2`, `settlement`, `county`, `post_code`, `country`, `notes`) VALUES (3, 'Adobe', 'Adobe House', 'Queensway', 'Coventry', 'West Midlands', 'CV1 1GH', 'UK', 'Lorem ipsum dolor sit amet, consectetur adipiscing elit. Nulla maximus efficitur posuere. In gravida nulla neque. Quisque et nunc dolor. Vivamus rutrum neque in nisl molestie, ut suscipit orci blandit. Morbi luctus sagittis justo, ac placerat elit. Morbi accumsan, sem nec malesuada cursus, diam sapien gravida mi, vitae consectetur tellus libero vel diam. Praesent vitae odio quis dolor porttitor elementum a in turpis. Nunc pellentesque rutrum cursus. Vestibulum mollis iaculis risus at feugiat.\n\n');
INSERT INTO `ecfutures_db`.`employer` (`e_id`, `name`, `address_1`, `address_2`, `settlement`, `county`, `post_code`, `country`, `notes`) VALUES (5, 'Apple', 'Apple House', 'Apple Way', 'Cupertion', 'California', '87678', 'USA', 'Lorem ipsum dolor sit amet, consectetur adipiscing elit. Nulla maximus efficitur posuere. In gravida nulla neque. Quisque et nunc dolor. Vivamus rutrum neque in nisl molestie, ut suscipit orci blandit. Morbi luctus sagittis justo, ac placerat elit. Morbi accumsan, sem nec malesuada cursus, diam sapien gravida mi, vitae consectetur tellus libero vel diam. Praesent vitae odio quis dolor porttitor elementum a in turpis. Nunc pellentesque rutrum cursus. Vestibulum mollis iaculis risus at feugiat.\n\n');

COMMIT;


-- -----------------------------------------------------
-- Data for table `ecfutures_db`.`contact`
-- -----------------------------------------------------
START TRANSACTION;
USE `ecfutures_db`;
INSERT INTO `ecfutures_db`.`contact` (`c_id`, `e_id`, `forename`, `surname`, `email`, `phone`, `mobile`, `notes`) VALUES (1, 1, 'Amber', 'Davis', 'amber.davis@ibm.com', '01926773565', '07847578477', 'Lorem ipsum dolor sit amet, consectetur adipiscing elit. Nulla maximus efficitur posuere. In gravida nulla neque. Quisque et nunc dolor. Vivamus rutrum neque in nisl molestie, ut suscipit orci blandit. Morbi luctus sagittis justo, ac placerat elit. Morbi accumsan, sem nec malesuada cursus, diam sapien gravida mi, vitae consectetur tellus libero vel diam. Praesent vitae odio quis dolor porttitor elementum a in turpis. Nunc pellentesque rutrum cursus. Vestibulum mollis iaculis risus at feugiat.\n\n');
INSERT INTO `ecfutures_db`.`contact` (`c_id`, `e_id`, `forename`, `surname`, `email`, `phone`, `mobile`, `notes`) VALUES (2, 1, 'Sam', 'Jones', 'sam.Jones@ibm.com', '01926773555', '07847578455', 'Lorem ipsum dolor sit amet, consectetur adipiscing elit. Nulla maximus efficitur posuere. In gravida nulla neque. Quisque et nunc dolor. Vivamus rutrum neque in nisl molestie, ut suscipit orci blandit. Morbi luctus sagittis justo, ac placerat elit. Morbi accumsan, sem nec malesuada cursus, diam sapien gravida mi, vitae consectetur tellus libero vel diam. Praesent vitae odio quis dolor porttitor elementum a in turpis. Nunc pellentesque rutrum cursus. Vestibulum mollis iaculis risus at feugiat.\n\n');
INSERT INTO `ecfutures_db`.`contact` (`c_id`, `e_id`, `forename`, `surname`, `email`, `phone`, `mobile`, `notes`) VALUES (3, 2, 'Bob', 'Palmer', 'bob.palmenr@intel.com', '01926733453', '07847545566', 'Lorem ipsum dolor sit amet, consectetur adipiscing elit. Nulla maximus efficitur posuere. In gravida nulla neque. Quisque et nunc dolor. Vivamus rutrum neque in nisl molestie, ut suscipit orci blandit. Morbi luctus sagittis justo, ac placerat elit. Morbi accumsan, sem nec malesuada cursus, diam sapien gravida mi, vitae consectetur tellus libero vel diam. Praesent vitae odio quis dolor porttitor elementum a in turpis. Nunc pellentesque rutrum cursus. Vestibulum mollis iaculis risus at feugiat.\n\n');
INSERT INTO `ecfutures_db`.`contact` (`c_id`, `e_id`, `forename`, `surname`, `email`, `phone`, `mobile`, `notes`) VALUES (4, 3, 'Jill', 'Clarke', 'jill.clarke@adobe.com', '01926734443', '07847545555', 'Lorem ipsum dolor sit amet, consectetur adipiscing elit. Nulla maximus efficitur posuere. In gravida nulla neque. Quisque et nunc dolor. Vivamus rutrum neque in nisl molestie, ut suscipit orci blandit. Morbi luctus sagittis justo, ac placerat elit. Morbi accumsan, sem nec malesuada cursus, diam sapien gravida mi, vitae consectetur tellus libero vel diam. Praesent vitae odio quis dolor porttitor elementum a in turpis. Nunc pellentesque rutrum cursus. Vestibulum mollis iaculis risus at feugiat.\n\n');

COMMIT;


-- -----------------------------------------------------
-- Data for table `ecfutures_db`.`role`
-- -----------------------------------------------------
START TRANSACTION;
USE `ecfutures_db`;
INSERT INTO `ecfutures_db`.`role` (`r_id`, `title`, `salary`, `e_id`, `c_id`, `deadline`, `start_date`, `end_date`, `notes`) VALUES (1, 'Software Developer', '£18000', 1, 1, '2016-04-18', '2016-09-09', '2017-07-09', 'Lorem ipsum dolor sit amet, consectetur adipiscing elit. Nulla maximus efficitur posuere. In gravida nulla neque. Quisque et nunc dolor. Vivamus rutrum neque in nisl molestie, ut suscipit orci blandit. Morbi luctus sagittis justo, ac placerat elit. Morbi accumsan, sem nec malesuada cursus, diam sapien gravida mi, vitae consectetur tellus libero vel diam. Praesent vitae odio quis dolor porttitor elementum a in turpis. Nunc pellentesque rutrum cursus. Vestibulum mollis iaculis risus at feugiat.\n\n');
INSERT INTO `ecfutures_db`.`role` (`r_id`, `title`, `salary`, `e_id`, `c_id`, `deadline`, `start_date`, `end_date`, `notes`) VALUES (10, 'Network Engineer', '£20000', 1, 2, '2016-05-17', '2016-09-19', '2017-07-18', 'Lorem ipsum dolor sit amet, consectetur adipiscing elit. Nulla maximus efficitur posuere. In gravida nulla neque. Quisque et nunc dolor. Vivamus rutrum neque in nisl molestie, ut suscipit orci blandit. Morbi luctus sagittis justo, ac placerat elit. Morbi accumsan, sem nec malesuada cursus, diam sapien gravida mi, vitae consectetur tellus libero vel diam. Praesent vitae odio quis dolor porttitor elementum a in turpis. Nunc pellentesque rutrum cursus. Vestibulum mollis iaculis risus at feugiat.\n\n');
INSERT INTO `ecfutures_db`.`role` (`r_id`, `title`, `salary`, `e_id`, `c_id`, `deadline`, `start_date`, `end_date`, `notes`) VALUES (11, 'Stack Developer', '£32000', 2, 3, '2016-05-14', '2016-09-10', '2017-07-17', 'Lorem ipsum dolor sit amet, consectetur adipiscing elit. Nulla maximus efficitur posuere. In gravida nulla neque. Quisque et nunc dolor. Vivamus rutrum neque in nisl molestie, ut suscipit orci blandit. Morbi luctus sagittis justo, ac placerat elit. Morbi accumsan, sem nec malesuada cursus, diam sapien gravida mi, vitae consectetur tellus libero vel diam. Praesent vitae odio quis dolor porttitor elementum a in turpis. Nunc pellentesque rutrum cursus. Vestibulum mollis iaculis risus at feugiat.\n\n');
INSERT INTO `ecfutures_db`.`role` (`r_id`, `title`, `salary`, `e_id`, `c_id`, `deadline`, `start_date`, `end_date`, `notes`) VALUES (12, 'Graphic Designer', '£17000', 3, 4, '2016-05-20', '2016-09-16', '2017-07-11', 'Lorem ipsum dolor sit amet, consectetur adipiscing elit. Nulla maximus efficitur posuere. In gravida nulla neque. Quisque et nunc dolor. Vivamus rutrum neque in nisl molestie, ut suscipit orci blandit. Morbi luctus sagittis justo, ac placerat elit. Morbi accumsan, sem nec malesuada cursus, diam sapien gravida mi, vitae consectetur tellus libero vel diam. Praesent vitae odio quis dolor porttitor elementum a in turpis. Nunc pellentesque rutrum cursus. Vestibulum mollis iaculis risus at feugiat.\n\n');

COMMIT;


-- -----------------------------------------------------
-- Data for table `ecfutures_db`.`role_status`
-- -----------------------------------------------------
START TRANSACTION;
USE `ecfutures_db`;
INSERT INTO `ecfutures_db`.`role_status` (`rs_id`, `s_id`, `r_id`, `status`, `notes`) VALUES (7, 111121, 1, 'Secured', 'NULL');
INSERT INTO `ecfutures_db`.`role_status` (`rs_id`, `s_id`, `r_id`, `status`, `notes`) VALUES (8, 111151, 10, 'Applied', 'NULL');
INSERT INTO `ecfutures_db`.`role_status` (`rs_id`, `s_id`, `r_id`, `status`, `notes`) VALUES (9, 111151, 11, 'Applied', 'NULL');
INSERT INTO `ecfutures_db`.`role_status` (`rs_id`, `s_id`, `r_id`, `status`, `notes`) VALUES (10, 111151, 12, 'Applied', 'NULL');
INSERT INTO `ecfutures_db`.`role_status` (`rs_id`, `s_id`, `r_id`, `status`, `notes`) VALUES (11, 111121, 10, 'Applied', 'NULL');

COMMIT;


-- -----------------------------------------------------
-- Data for table `ecfutures_db`.`visiting_tutor`
-- -----------------------------------------------------
START TRANSACTION;
USE `ecfutures_db`;
INSERT INTO `ecfutures_db`.`visiting_tutor` (`vt_id`, `forename`, `surname`, `email`, `notes`) VALUES (1, 'James ', 'Bond', 'james.bond@mi6.gov', 'Hello world');
INSERT INTO `ecfutures_db`.`visiting_tutor` (`vt_id`, `forename`, `surname`, `email`, `notes`) VALUES (2, 'Sam', 'Jackson', 'sam.jackson@cov.com', 'Hello world');
INSERT INTO `ecfutures_db`.`visiting_tutor` (`vt_id`, `forename`, `surname`, `email`, `notes`) VALUES (3, 'Amy', 'Smith', 'amy.smith@aol.com', 'Hello World');

COMMIT;


-- -----------------------------------------------------
-- Data for table `ecfutures_db`.`appointment`
-- -----------------------------------------------------
START TRANSACTION;
USE `ecfutures_db`;
INSERT INTO `ecfutures_db`.`appointment` (`a_id`, `s_id`, `date`, `time`, `u_id`, `action_points`, `adviser_comments`) VALUES (1, 111121, '2016-02-18', '14:15', 2, 'Lorem ipsum dolor sit amet, consectetur adipiscing elit. Nulla maximus efficitur posuere. In gravida nulla neque. Quisque et nunc dolor. Vivamus rutrum neque in nisl molestie, ut suscipit orci blandit. Morbi luctus sagittis justo, ac placerat elit. Morbi accumsan, sem nec malesuada cursus, diam sapien gravida mi, vitae consectetur tellus libero vel diam. Praesent vitae odio quis dolor porttitor elementum a in turpis. Nunc pellentesque rutrum cursus. Vestibulum mollis iaculis risus at feugiat.', 'Lorem ipsum dolor sit amet, consectetur adipiscing elit. Nulla maximus efficitur posuere. In gravida nulla neque. Quisque et nunc dolor. Vivamus rutrum neque in nisl molestie, ut suscipit orci blandit. Morbi luctus sagittis justo, ac placerat elit. Morbi accumsan, sem nec malesuada cursus, diam sapien gravida mi, vitae consectetur tellus libero vel diam. Praesent vitae odio quis dolor porttitor elementum a in turpis. Nunc pellentesque rutrum cursus. Vestibulum mollis iaculis risus at feugiat.');
INSERT INTO `ecfutures_db`.`appointment` (`a_id`, `s_id`, `date`, `time`, `u_id`, `action_points`, `adviser_comments`) VALUES (2, 111152, '2016-03-15', '13:00', 3, 'Lorem ipsum dolor sit amet, consectetur adipiscing elit. Nulla maximus efficitur posuere. In gravida nulla neque. Quisque et nunc dolor. Vivamus rutrum neque in nisl molestie, ut suscipit orci blandit. Morbi luctus sagittis justo, ac placerat elit. Morbi accumsan, sem nec malesuada cursus, diam sapien gravida mi, vitae consectetur tellus libero vel diam. Praesent vitae odio quis dolor porttitor elementum a in turpis. Nunc pellentesque rutrum cursus. Vestibulum mollis iaculis risus at feugiat.', 'Lorem ipsum dolor sit amet, consectetur adipiscing elit. Nulla maximus efficitur posuere. In gravida nulla neque. Quisque et nunc dolor. Vivamus rutrum neque in nisl molestie, ut suscipit orci blandit. Morbi luctus sagittis justo, ac placerat elit. Morbi accumsan, sem nec malesuada cursus, diam sapien gravida mi, vitae consectetur tellus libero vel diam. Praesent vitae odio quis dolor porttitor elementum a in turpis. Nunc pellentesque rutrum cursus. Vestibulum mollis iaculis risus at feugiat.');
INSERT INTO `ecfutures_db`.`appointment` (`a_id`, `s_id`, `date`, `time`, `u_id`, `action_points`, `adviser_comments`) VALUES (3, 111152, '2016-03-16', '16:00', 4, 'Lorem ipsum dolor sit amet, consectetur adipiscing elit. Nulla maximus efficitur posuere. In gravida nulla neque. Quisque et nunc dolor. Vivamus rutrum neque in nisl molestie, ut suscipit orci blandit. Morbi luctus sagittis justo, ac placerat elit. Morbi accumsan, sem nec malesuada cursus, diam sapien gravida mi, vitae consectetur tellus libero vel diam. Praesent vitae odio quis dolor porttitor elementum a in turpis. Nunc pellentesque rutrum cursus. Vestibulum mollis iaculis risus at feugiat.', 'Lorem ipsum dolor sit amet, consectetur adipiscing elit. Nulla maximus efficitur posuere. In gravida nulla neque. Quisque et nunc dolor. Vivamus rutrum neque in nisl molestie, ut suscipit orci blandit. Morbi luctus sagittis justo, ac placerat elit. Morbi accumsan, sem nec malesuada cursus, diam sapien gravida mi, vitae consectetur tellus libero vel diam. Praesent vitae odio quis dolor porttitor elementum a in turpis. Nunc pellentesque rutrum cursus. Vestibulum mollis iaculis risus at feugiat.');
INSERT INTO `ecfutures_db`.`appointment` (`a_id`, `s_id`, `date`, `time`, `u_id`, `action_points`, `adviser_comments`) VALUES (4, 111152, '2016-03-11', '12:00', 2, 'Lorem ipsum dolor sit amet, consectetur adipiscing elit. Nulla maximus efficitur posuere. In gravida nulla neque. Quisque et nunc dolor. Vivamus rutrum neque in nisl molestie, ut suscipit orci blandit. Morbi luctus sagittis justo, ac placerat elit. Morbi accumsan, sem nec malesuada cursus, diam sapien gravida mi, vitae consectetur tellus libero vel diam. Praesent vitae odio quis dolor porttitor elementum a in turpis. Nunc pellentesque rutrum cursus. Vestibulum mollis iaculis risus at feugiat.', 'Lorem ipsum dolor sit amet, consectetur adipiscing elit. Nulla maximus efficitur posuere. In gravida nulla neque. Quisque et nunc dolor. Vivamus rutrum neque in nisl molestie, ut suscipit orci blandit. Morbi luctus sagittis justo, ac placerat elit. Morbi accumsan, sem nec malesuada cursus, diam sapien gravida mi, vitae consectetur tellus libero vel diam. Praesent vitae odio quis dolor porttitor elementum a in turpis. Nunc pellentesque rutrum cursus. Vestibulum mollis iaculis risus at feugiat.');
INSERT INTO `ecfutures_db`.`appointment` (`a_id`, `s_id`, `date`, `time`, `u_id`, `action_points`, `adviser_comments`) VALUES (5, 111151, '2016-03-15', '15:00', 4, 'Lorem ipsum dolor sit amet, consectetur adipiscing elit. Nulla maximus efficitur posuere. In gravida nulla neque. Quisque et nunc dolor. Vivamus rutrum neque in nisl molestie, ut suscipit orci blandit. Morbi luctus sagittis justo, ac placerat elit. Morbi accumsan, sem nec malesuada cursus, diam sapien gravida mi, vitae consectetur tellus libero vel diam. Praesent vitae odio quis dolor porttitor elementum a in turpis. Nunc pellentesque rutrum cursus. Vestibulum mollis iaculis risus at feugiat.', 'Lorem ipsum dolor sit amet, consectetur adipiscing elit. Nulla maximus efficitur posuere. In gravida nulla neque. Quisque et nunc dolor. Vivamus rutrum neque in nisl molestie, ut suscipit orci blandit. Morbi luctus sagittis justo, ac placerat elit. Morbi accumsan, sem nec malesuada cursus, diam sapien gravida mi, vitae consectetur tellus libero vel diam. Praesent vitae odio quis dolor porttitor elementum a in turpis. Nunc pellentesque rutrum cursus. Vestibulum mollis iaculis risus at feugiat.');

COMMIT;


-- -----------------------------------------------------
-- Data for table `ecfutures_db`.`appointment_reason`
-- -----------------------------------------------------
START TRANSACTION;
USE `ecfutures_db`;
INSERT INTO `ecfutures_db`.`appointment_reason` (`ar_id`, `reason`) VALUES (1, 'CV');
INSERT INTO `ecfutures_db`.`appointment_reason` (`ar_id`, `reason`) VALUES (2, 'Cover Letter');
INSERT INTO `ecfutures_db`.`appointment_reason` (`ar_id`, `reason`) VALUES (3, 'Interviews');
INSERT INTO `ecfutures_db`.`appointment_reason` (`ar_id`, `reason`) VALUES (4, 'Application Froms');
INSERT INTO `ecfutures_db`.`appointment_reason` (`ar_id`, `reason`) VALUES (5, 'Psychometric Tests');
INSERT INTO `ecfutures_db`.`appointment_reason` (`ar_id`, `reason`) VALUES (6, 'Assessments Centres');
INSERT INTO `ecfutures_db`.`appointment_reason` (`ar_id`, `reason`) VALUES (7, 'Placement Advice');
INSERT INTO `ecfutures_db`.`appointment_reason` (`ar_id`, `reason`) VALUES (8, 'Process');
INSERT INTO `ecfutures_db`.`appointment_reason` (`ar_id`, `reason`) VALUES (9, 'Offer Advice');
INSERT INTO `ecfutures_db`.`appointment_reason` (`ar_id`, `reason`) VALUES (10, 'Study Abroad');
INSERT INTO `ecfutures_db`.`appointment_reason` (`ar_id`, `reason`) VALUES (11, 'Add+Vantage');

COMMIT;


-- -----------------------------------------------------
-- Data for table `ecfutures_db`.`appointment_details`
-- -----------------------------------------------------
START TRANSACTION;
USE `ecfutures_db`;
INSERT INTO `ecfutures_db`.`appointment_details` (`a_id`, `ar_id`) VALUES (1, 6);
INSERT INTO `ecfutures_db`.`appointment_details` (`a_id`, `ar_id`) VALUES (1, 7);
INSERT INTO `ecfutures_db`.`appointment_details` (`a_id`, `ar_id`) VALUES (1, 10);
INSERT INTO `ecfutures_db`.`appointment_details` (`a_id`, `ar_id`) VALUES (2, 2);
INSERT INTO `ecfutures_db`.`appointment_details` (`a_id`, `ar_id`) VALUES (2, 3);
INSERT INTO `ecfutures_db`.`appointment_details` (`a_id`, `ar_id`) VALUES (2, 8);
INSERT INTO `ecfutures_db`.`appointment_details` (`a_id`, `ar_id`) VALUES (3, 5);
INSERT INTO `ecfutures_db`.`appointment_details` (`a_id`, `ar_id`) VALUES (3, 7);
INSERT INTO `ecfutures_db`.`appointment_details` (`a_id`, `ar_id`) VALUES (3, 9);
INSERT INTO `ecfutures_db`.`appointment_details` (`a_id`, `ar_id`) VALUES (4, 6);
INSERT INTO `ecfutures_db`.`appointment_details` (`a_id`, `ar_id`) VALUES (4, 8);
INSERT INTO `ecfutures_db`.`appointment_details` (`a_id`, `ar_id`) VALUES (5, 3);
INSERT INTO `ecfutures_db`.`appointment_details` (`a_id`, `ar_id`) VALUES (5, 4);
INSERT INTO `ecfutures_db`.`appointment_details` (`a_id`, `ar_id`) VALUES (5, 6);

COMMIT;

